Date,PX_LAST
2025-04-11,220.0696
2025-04-10,219.2419
2025-04-09,218.5841
2025-04-08,218.1314
2025-04-07,219.0978
2025-04-04,221.2923
2025-04-03,221.9424
2025-04-02,218.7385
2025-04-01,218.6033
2025-03-31,217.99
2025-03-28,217.763
2025-03-27,216.6966
2025-03-26,216.6541
2025-03-25,217.0701
2025-03-24,216.8633
2025-03-21,217.6052
2025-03-20,218.0384
2025-03-19,217.951
2025-03-18,217.8992
2025-03-17,217.8732
2025-03-14,217.1141
2025-03-13,217.3757
2025-03-12,217.3687
2025-03-11,217.7514
2025-03-10,217.7904
2025-03-07,217.4295
2025-03-06,217.059
2025-03-05,217.1574
2025-03-04,217.08
2025-03-03,216.9989
2025-02-28,216.4821
2025-02-27,216.0541
2025-02-26,216.8887
2025-02-25,216.491
2025-02-24,215.4947
2025-02-21,215.1838
2025-02-20,214.5512
2025-02-19,213.8144
2025-02-18,214.18
2025-02-17,214.8197
2025-02-14,215.0759
2025-02-13,214.1033
2025-02-12,212.5729
2025-02-11,213.3384
2025-02-10,213.7705
2025-02-07,213.9522
2025-02-06,214.5353
2025-02-05,214.9379
2025-02-04,213.634
2025-02-03,213.0152
2025-01-31,213.1335
2025-01-30,213.3945
2025-01-29,212.8526
2025-01-28,212.902
2025-01-27,213.5091
2025-01-24,212.8076
2025-01-23,211.771
2025-01-22,212.2547
2025-01-21,212.3911
2025-01-20,211.8419
2025-01-17,211.0224
2025-01-16,210.97
2025-01-15,210.5486
2025-01-14,208.8927
2025-01-13,208.3952
2025-01-10,209.026
2025-01-09,210.1066
2025-01-08,210.2819
2025-01-07,210.9495
2025-01-06,211.6589
2025-01-03,211.1576
2025-01-02,211.4846
2024-12-31,212.054
2024-12-30,212.2419
2024-12-27,211.8964
2024-12-26,212.1539
2024-12-24,212.0467
2024-12-23,212.0102
2024-12-20,212.5853
2024-12-19,211.9846
2024-12-18,213.6702
2024-12-17,214.6764
2024-12-16,214.7284
2024-12-13,214.5419
2024-12-12,215.3297
2024-12-11,216.124
2024-12-10,216.5106
2024-12-09,217.3134
2024-12-06,217.4427
2024-12-05,217.1772
2024-12-04,216.9042
2024-12-03,216.4039
2024-12-02,216.2765
2024-11-29,216.7283
2024-11-28,215.8375
2024-11-27,215.7193
2024-11-26,214.4668
2024-11-25,214.6363
2024-11-22,212.86
2024-11-21,213.2984
2024-11-20,213.2025
2024-11-19,214.0161
2024-11-18,213.4993
2024-11-15,213.2057
2024-11-14,213.4165
2024-11-13,213.5331
2024-11-12,213.9663
2024-11-11,215.2846
2024-11-08,215.843
2024-11-07,215.742
2024-11-06,214.3364
2024-11-05,216.5122
2024-11-04,216.4685
2024-11-01,215.3647
2024-10-31,216.0111
2024-10-30,216.1377
2024-10-29,215.9713
2024-10-28,216.186
2024-10-25,216.6162
2024-10-24,216.7507
2024-10-23,215.9802
2024-10-22,216.6947
2024-10-21,217.1908
2024-10-18,218.6193
2024-10-17,218.1143
2024-10-16,219.0703
2024-10-15,218.895
2024-10-14,218.2977
2024-10-11,218.4814
2024-10-10,218.3617
2024-10-09,218.5625
2024-10-08,219.1149
2024-10-07,219.1425
2024-10-04,219.7139
2024-10-03,221.3469
2024-10-02,222.1606
2024-10-01,223.1614
2024-09-30,223.0786
2024-09-27,223.4896
2024-09-26,222.8432
2024-09-25,222.9089
2024-09-24,223.3771
2024-09-23,222.8165
2024-09-20,222.628
2024-09-19,222.925
2024-09-18,222.8706
2024-09-17,223.5603
2024-09-16,223.903
2024-09-13,223.1191
2024-09-12,222.1603
2024-09-11,222.3723
2024-09-10,222.0954
2024-09-09,221.784
2024-09-06,222.2957
2024-09-05,221.4162
2024-09-04,221.1629
2024-09-03,219.8311
2024-09-02,219.1731
2024-08-30,219.502
2024-08-29,219.7453
2024-08-28,220.4495
2024-08-27,220.6696
2024-08-26,220.9511
2024-08-23,220.9584
2024-08-22,219.7767
2024-08-21,220.4901
2024-08-20,220.0556
2024-08-19,219.1463
2024-08-16,218.2914
2024-08-15,217.9117
2024-08-14,219.2344
2024-08-13,218.3323
2024-08-12,217.3776
2024-08-09,217.2279
2024-08-08,216.5208
2024-08-07,216.7776
2024-08-06,217.6187
2024-08-05,219.0971
2024-08-02,218.156
2024-08-01,215.4822
2024-07-31,214.856
2024-07-30,213.5825
2024-07-29,213.4435
2024-07-26,213.2515
2024-07-25,212.8432
2024-07-24,212.48
2024-07-23,212.5462
2024-07-22,212.6161
2024-07-19,212.7307
2024-07-18,213.5028
2024-07-17,213.8358
2024-07-16,213.2612
2024-07-15,212.969
2024-07-12,213.1083
2024-07-11,212.5893
2024-07-10,211.0262
2024-07-09,210.7045
2024-07-08,211.1888
2024-07-05,210.844
2024-07-04,209.9634
2024-07-03,210.004
2024-07-02,208.6573
2024-07-01,208.1401
2024-06-28,209.1132
2024-06-27,209.7223
2024-06-26,209.3822
2024-06-25,210.4278
2024-06-24,210.5234
2024-06-21,210.0948
2024-06-20,210.4255
2024-06-19,210.9729
2024-06-18,210.9037
2024-06-17,210.1707
2024-06-14,210.6287
2024-06-13,210.6537
2024-06-12,210.6287
2024-06-11,208.7412
2024-06-10,208.2969
2024-06-07,209.3277
2024-06-06,211.0943
2024-06-05,211.0498
2024-06-04,210.7677
2024-06-03,209.9237
2024-05-31,208.8282
2024-05-30,208.2968
2024-05-29,207.474
2024-05-28,208.8265
2024-05-27,209.297
2024-05-24,209.0263
2024-05-23,208.7308
2024-05-22,209.4631
2024-05-21,209.9877
2024-05-20,209.6531
2024-05-17,210.023
2024-05-16,210.6031
2024-05-15,210.6841
2024-05-14,209.0549
2024-05-13,208.8169
2024-05-10,208.4235
2024-05-09,208.8779
2024-05-08,208.6206
2024-05-07,209.3286
2024-05-06,208.8035
2024-05-03,208.5079
2024-05-02,207.0784
2024-05-01,206.1285
2024-04-30,205.8855
2024-04-29,206.7324
2024-04-26,205.8458
2024-04-25,205.7104
2024-04-24,206.1137
2024-04-23,206.8271
2024-04-22,206.3271
2024-04-19,206.3606
2024-04-18,206.1705
2024-04-17,206.3645
2024-04-16,205.6672
2024-04-15,206.4034
2024-04-12,207.5613
2024-04-11,207.2465
2024-04-10,208.1215
2024-04-09,210.502
2024-04-08,209.6824
2024-04-05,209.6515
2024-04-04,210.8425
2024-04-03,209.9712
2024-04-02,209.5064
2024-04-01,210.0088
2024-03-29,211.2385
2024-03-28,211.2299
2024-03-27,211.4122
2024-03-26,210.936
2024-03-25,210.8296
2024-03-22,210.9775
2024-03-21,210.6782
2024-03-20,210.4718
2024-03-19,210.3422
2024-03-18,210.2832
2024-03-15,210.3389
2024-03-14,210.6516
2024-03-13,212.0592
2024-03-12,212.1807
2024-03-11,212.7007
2024-03-08,213.1843
2024-03-07,212.4997
2024-03-06,211.9347
2024-03-05,211.3843
2024-03-04,210.2688
2024-03-01,210.2733
2024-02-29,209.7759
2024-02-28,209.3752
2024-02-27,209.241
2024-02-26,209.5558
2024-02-23,209.731
2024-02-22,208.9263
2024-02-21,208.7769
2024-02-20,209.5234
2024-02-19,208.7734
2024-02-16,208.7683
2024-02-15,209.2392
2024-02-14,208.536
2024-02-13,207.9163
2024-02-12,209.5151
2024-02-09,209.4611
2024-02-08,209.5405
2024-02-07,210.1999
2024-02-06,210.2549
2024-02-05,209.3374
2024-02-02,211.264
2024-02-01,213.2225
2024-01-31,212.6921
2024-01-30,211.2569
2024-01-29,211.0168
2024-01-26,210.5765
2024-01-25,210.5413
2024-01-24,210.4022
2024-01-23,210.1294
2024-01-22,210.9916
2024-01-19,210.4313
2024-01-18,210.1571
2024-01-17,210.4134
2024-01-16,211.5305
2024-01-15,213.0586
2024-01-12,213.3678
2024-01-11,212.5452
2024-01-10,212.1823
2024-01-09,212.1754
2024-01-08,212.7866
2024-01-05,212.4123
2024-01-04,212.5135
2024-01-03,213.2107
2024-01-02,213.6028
2023-12-29,215.2377
2023-12-28,216.031
2023-12-27,216.3346
2023-12-26,214.7211
2023-12-22,214.5766
2023-12-21,214.4781
2023-12-20,214.2847
2023-12-19,213.5849
2023-12-18,212.608
2023-12-15,213.1852
2023-12-14,213.3746
2023-12-13,210.1348
2023-12-12,208.2716
2023-12-11,207.4881
2023-12-08,207.8681
2023-12-07,208.8661
2023-12-06,208.8476
2023-12-05,208.2897
2023-12-04,207.191
2023-12-01,207.4413
2023-11-30,206.5603
2023-11-29,207.5494
2023-11-28,206.4556
2023-11-27,205.3699
2023-11-24,204.2796
2023-11-23,204.6499
2023-11-22,204.5592
2023-11-21,205.3106
2023-11-20,204.8115
2023-11-17,204.1235
2023-11-16,203.7705
2023-11-15,202.8407
2023-11-14,203.2086
2023-11-13,200.2405
2023-11-10,200.1206
2023-11-09,200.6349
2023-11-08,201.4954
2023-11-07,200.7707
2023-11-06,200.4654
2023-11-03,201.0692
2023-11-02,199.0276
2023-11-01,197.4431
2023-10-31,196.4173
2023-10-30,196.9976
2023-10-27,196.8827
2023-10-26,196.4038
2023-10-25,195.9098
2023-10-24,196.9467
2023-10-23,196.5763
2023-10-20,195.8917
2023-10-19,195.2885
2023-10-18,195.6713
2023-10-17,196.7175
2023-10-16,197.7071
2023-10-13,198.0947
2023-10-12,197.8797
2023-10-11,199.4956
2023-10-10,198.4655
2023-10-09,197.1686
2023-10-06,196.5817
2023-10-05,197.0935
2023-10-04,196.5566
2023-10-03,195.8848
2023-10-02,197.056
2023-09-29,198.782
2023-09-28,198.1035
2023-09-27,198.037
2023-09-26,199.111
2023-09-25,199.2494
2023-09-22,200.8008
2023-09-21,200.5268
2023-09-20,201.7908
2023-09-19,201.5272
2023-09-18,201.7854
2023-09-15,201.7701
2023-09-14,202.4884
2023-09-13,202.7032
2023-09-12,202.416
2023-09-11,202.6043
2023-09-08,202.6341
2023-09-07,202.3879
2023-09-06,201.9951
2023-09-05,202.3621
2023-09-04,203.8062
2023-09-01,204.1958
2023-08-31,205.2311
2023-08-30,205.1836
2023-08-29,204.5735
2023-08-28,203.4743
2023-08-25,203.0608
2023-08-24,203.7933
2023-08-23,204.1062
2023-08-22,202.4625
2023-08-21,202.2868
2023-08-18,203.1826
2023-08-17,202.7333
2023-08-16,203.2727
2023-08-15,203.7519
2023-08-14,203.944
2023-08-11,204.7391
2023-08-10,205.9183
2023-08-09,206.5709
2023-08-08,206.2463
2023-08-07,205.8983
2023-08-04,206.2467
2023-08-03,204.6612
2023-08-02,205.5724
2023-08-01,206.2909
2023-07-31,207.7283
2023-07-28,207.8532
2023-07-27,207.3099
2023-07-26,208.6318
2023-07-25,208.2562
2023-07-24,208.6105
2023-07-21,208.6732
2023-07-20,208.8732
2023-07-19,210.0989
2023-07-18,210.2809
2023-07-17,209.6049
2023-07-14,209.5904
2023-07-13,209.8167
2023-07-12,208.1824
2023-07-11,205.7746
2023-07-10,205.3339
2023-07-07,204.8795
2023-07-06,204.247
2023-07-05,205.7049
2023-07-04,206.3507
2023-07-03,206.3621
2023-06-30,206.7
2023-06-29,206.2446
2023-06-28,207.468
2023-06-27,207.5288
2023-06-26,207.7951
2023-06-23,207.2296
2023-06-22,206.9138
2023-06-21,207.7355
2023-06-20,207.502
2023-06-19,206.9195
2023-06-16,207.2731
2023-06-15,207.2363
2023-06-14,206.4791
2023-06-13,206.1192
2023-06-12,206.4643
2023-06-09,206.3841
2023-06-08,206.4384
2023-06-07,205.4424
2023-06-06,206.0267
2023-06-05,206.0018
2023-06-02,206.4159
2023-06-01,207.1682
2023-05-31,206.2236
2023-05-30,205.9276
2023-05-29,204.5942
2023-05-26,204.1047
2023-05-25,204.4157
2023-05-24,205.4579
2023-05-23,205.8882
2023-05-22,206.0974
2023-05-19,206.1964
2023-05-18,206.2602
2023-05-17,207.8684
2023-05-16,208.4133
2023-05-15,208.8664
2023-05-12,209.3911
2023-05-11,210.574
2023-05-10,210.3319
2023-05-09,209.1971
2023-05-08,209.8305
2023-05-05,210.4503
2023-05-04,211.1309
2023-05-03,211.2634
2023-05-02,210.108
2023-05-01,208.8631
2023-04-28,210.4175
2023-04-27,209.1122
2023-04-26,210.1918
2023-04-25,210.146
2023-04-24,209.203
2023-04-21,208.3579
2023-04-20,208.8312
2023-04-19,207.9553
2023-04-18,208.4274
2023-04-17,207.8302
2023-04-14,209.2832
2023-04-13,210.5085
2023-04-12,210.1314
2023-04-11,209.7232
2023-04-10,209.6042
2023-04-07,210.4827
2023-04-06,211.2145
2023-04-05,211.2653
2023-04-04,210.9374
2023-04-03,209.9788
2023-03-31,208.9398
2023-03-30,208.576
2023-03-29,208.1082
2023-03-28,208.2637
2023-03-27,208.2637
2023-03-24,209.6242
2023-03-23,210.0836
2023-03-22,208.2569
2023-03-21,207.3886
2023-03-20,208.1068
2023-03-17,208.0634
2023-03-16,206.3063
2023-03-15,206.5914
2023-03-14,205.5923
2023-03-13,207.0233
2023-03-10,204.7357
2023-03-09,201.7263
2023-03-08,201.1874
2023-03-07,201.2821
2023-03-06,202.1049
2023-03-03,201.6434
2023-03-02,200.782
2023-03-01,201.7542
2023-02-28,202.3372
2023-02-27,202.2167
2023-02-24,201.7491
2023-02-23,203.1932
2023-02-22,202.9233
2023-02-21,202.9591
2023-02-20,204.4726
2023-02-17,204.229
2023-02-16,204.0871
2023-02-15,204.6045
2023-02-14,205.5369
2023-02-13,206.1773
2023-02-10,205.8021
2023-02-09,207.2653
2023-02-08,207.1548
2023-02-07,206.906
2023-02-06,207.2278
2023-02-03,209.4855
2023-02-02,211.9517
2023-02-01,210.243
2023-01-31,209.0105
2023-01-30,208.6237
2023-01-27,209.0686
2023-01-26,209.3886
2023-01-25,210.2226
2023-01-24,209.8192
2023-01-23,209.0011
2023-01-20,209.2063
2023-01-19,210.1235
2023-01-18,210.9089
2023-01-17,209.0281
2023-01-16,208.8525
2023-01-13,208.9477
2023-01-12,208.8417
2023-01-11,207.1488
2023-01-10,205.8336
2023-01-09,206.7024
2023-01-06,205.4176
2023-01-05,203.0649
2023-01-04,204.1383
2023-01-03,202.9549
2022-12-30,202.216
2022-12-29,202.6829
2022-12-28,201.7872
2022-12-27,202.365
2022-12-23,203.3273
2022-12-22,203.8531
2022-12-21,204.2588
2022-12-20,204.3085
2022-12-19,204.6175
2022-12-16,205.7292
2022-12-15,206.6884
2022-12-14,207.7055
2022-12-13,207.4053
2022-12-12,205.4327
2022-12-09,205.7555
2022-12-08,206.8157
2022-12-07,206.8978
2022-12-06,205.8779
2022-12-05,205.466
2022-12-02,206.0405
2022-12-01,205.8387
2022-11-30,202.3706
2022-11-29,202.39
2022-11-28,202.7716
2022-11-25,202.9202
2022-11-24,203.5272
2022-11-23,202.7505
2022-11-22,201.0201
2022-11-21,200.0449
2022-11-18,200.9637
2022-11-17,200.7089
2022-11-16,201.9129
2022-11-15,200.6623
2022-11-14,199.1122
2022-11-11,199.3785
2022-11-10,198.5701
2022-11-09,194.1392
2022-11-08,193.9215
2022-11-07,192.6952
2022-11-04,192.2479
2022-11-03,191.5228
2022-11-02,193.3534
2022-11-01,193.4337
2022-10-31,193.1369
2022-10-28,194.4064
2022-10-27,195.2386
2022-10-26,194.3044
2022-10-25,192.7166
2022-10-24,190.4306
2022-10-21,189.3827
2022-10-20,190.0866
2022-10-19,190.4756
2022-10-18,191.9884
2022-10-17,191.5224
2022-10-14,190.6483
2022-10-13,191.0649
2022-10-12,191.3624
2022-10-11,191.7291
2022-10-10,192.2139
2022-10-07,193.2766
2022-10-06,194.6009
2022-10-05,195.4691
2022-10-04,197.3909
2022-10-03,195.9827
2022-09-30,194.0525
2022-09-29,193.8568
2022-09-28,193.5824
2022-09-27,191.5911
2022-09-26,192.9328
2022-09-23,195.4044
2022-09-22,197.0723
2022-09-21,198.8678
2022-09-20,199.1629
2022-09-19,200.3522
2022-09-16,200.741
2022-09-15,200.8283
2022-09-14,201.5133
2022-09-13,201.3755
2022-09-12,203.2142
2022-09-09,202.3435
2022-09-08,201.6895
2022-09-07,202.3118
2022-09-06,201.6614
2022-09-05,203.164
2022-09-02,204.0657
2022-09-01,202.7951
2022-08-31,204.7727
2022-08-30,204.9331
2022-08-29,205.1618
2022-08-26,206.617
2022-08-25,206.8282
2022-08-24,206.0617
2022-08-23,206.7123
2022-08-22,206.7592
2022-08-19,208.1916
2022-08-18,210.4547
2022-08-17,210.4974
2022-08-16,212.0364
2022-08-15,212.7422
2022-08-12,212.2818
2022-08-11,212.8595
2022-08-10,213.9566
2022-08-09,212.2771
2022-08-08,212.7438
2022-08-05,211.5639
2022-08-04,213.9751
2022-08-03,212.6811
2022-08-02,213.3793
2022-08-01,215.2374
2022-07-29,213.5222
2022-07-28,212.8473
2022-07-27,210.7864
2022-07-26,210.7628
2022-07-25,210.9715
2022-07-22,211.2803
2022-07-21,209.0081
2022-07-20,207.9792
2022-07-19,208.208
2022-07-18,208.3801
2022-07-15,207.86
2022-07-14,206.7213
2022-07-13,208.3433
2022-07-12,207.8455
2022-07-11,207.2635
2022-07-08,207.1817
2022-07-07,207.7337
2022-07-06,208.5943
2022-07-05,209.3892
2022-07-04,209.5503
2022-07-01,209.9435
2022-06-30,209.0303
2022-06-29,207.9461
2022-06-28,207.0074
2022-06-27,208.2187
2022-06-24,208.7498
2022-06-23,209.039
2022-06-22,207.8857
2022-06-21,206.018
2022-06-20,206.5621
2022-06-17,206.3394
2022-06-16,206.5474
2022-06-15,205.4439
2022-06-14,204.1227
2022-06-13,205.7513
2022-06-10,209.2857
2022-06-09,211.6258
2022-06-08,212.8318
2022-06-07,213.5423
2022-06-06,213.1687
2022-06-03,214.1966
2022-06-02,214.7553
2022-06-01,214.536
2022-05-31,215.7767
2022-05-30,217.4721
2022-05-27,217.363
2022-05-26,216.9416
2022-05-25,216.9136
2022-05-24,216.9289
2022-05-23,215.3964
2022-05-20,215.2772
2022-05-19,215.2244
2022-05-18,214.1836
2022-05-17,213.688
2022-05-16,213.9067
2022-05-13,213.4065
2022-05-12,214.6565
2022-05-11,214.0475
2022-05-10,213.4754
2022-05-09,212.4351
2022-05-06,212.488
2022-05-05,213.2824
2022-05-04,214.5308
2022-05-03,214.2604
2022-05-02,213.869
2022-04-29,215.1393
2022-04-28,215.2563
2022-04-27,216.4347
2022-04-26,217.9359
2022-04-25,217.5564
2022-04-22,217.0129
2022-04-21,218.0496
2022-04-20,219.2886
2022-04-19,217.8317
2022-04-18,219.2219
2022-04-15,219.5885
2022-04-14,219.5743
2022-04-13,221.2683
2022-04-12,221.2149
2022-04-11,220.9159
2022-04-08,221.9575
2022-04-07,223.0288
2022-04-06,223.4909
2022-04-05,224.5521
2022-04-04,226.5693
2022-04-01,226.5305
2022-03-31,228.0118
2022-03-30,227.3795
2022-03-29,226.3922
2022-03-28,225.0472
2022-03-25,225.4515
2022-03-24,226.7795
2022-03-23,227.3397
2022-03-22,226.9231
2022-03-21,228.1071
2022-03-18,229.6264
2022-03-17,229.5373
2022-03-16,228.3531
2022-03-15,228.339
2022-03-14,228.3579
2022-03-11,230.077
2022-03-10,230.691
2022-03-09,231.9936
2022-03-08,231.7447
2022-03-07,233.3094
2022-03-04,234.6008
2022-03-03,234.3829
2022-03-02,234.3266
2022-03-01,236.7713
2022-02-28,235.1479
2022-02-25,233.8853
2022-02-24,232.956
2022-02-23,234.6686
2022-02-22,235.0596
2022-02-21,235.5224
2022-02-18,235.5419
2022-02-17,235.3505
2022-02-16,234.6947
2022-02-15,234.2815
2022-02-14,234.4456
2022-02-11,235.6621
2022-02-10,235.7661
2022-02-09,237.0295
2022-02-08,236.4914
2022-02-07,237.3783
2022-02-04,237.5692
2022-02-03,238.9515
2022-02-02,239.4349
2022-02-01,238.6654
2022-01-31,238.55
2022-01-28,238.5864
2022-01-27,238.5108
2022-01-26,239.5887
2022-01-25,240.2777
2022-01-24,240.8038
2022-01-21,241.2197
2022-01-20,240.6974
2022-01-19,240.3884
2022-01-18,239.9914
2022-01-17,241.2729
2022-01-14,241.8353
2022-01-13,242.8951
2022-01-12,242.1413
2022-01-11,241.1645
2022-01-10,240.8997
2022-01-07,241.1171
2022-01-06,241.1376
2022-01-05,241.9896
2022-01-04,242.0586
2022-01-03,242.3204
2021-12-31,244.0329
2021-12-30,243.5087
2021-12-29,243.5131
2021-12-28,243.8377
2021-12-27,243.8945
2021-12-23,243.8302
2021-12-22,244.4577
2021-12-21,243.8921
2021-12-20,245.0655
2021-12-17,245.1705
2021-12-16,245.2101
2021-12-15,244.5144
2021-12-14,245.0596
2021-12-13,245.3699
2021-12-10,244.978
2021-12-09,244.8131
2021-12-08,244.8026
2021-12-07,244.9021
2021-12-06,245.2692
2021-12-03,245.6907
2021-12-02,245.3533
2021-12-01,245.3757
2021-11-30,244.7511
2021-11-29,244.0944
2021-11-26,244.8871
2021-11-25,242.2522
2021-11-24,241.9636
2021-11-23,242.5705
2021-11-22,243.3872
2021-11-19,244.9682
2021-11-18,244.4684
2021-11-17,243.7798
2021-11-16,243.9464
2021-11-15,244.7328
2021-11-12,245.3037
2021-11-11,245.7167
2021-11-10,246.3153
2021-11-09,248.3186
2021-11-08,247.5838
2021-11-05,247.5582
2021-11-04,246.4158
2021-11-03,245.9477
2021-11-02,246.1269
2021-11-01,245.5903
2021-10-29,245.6843
2021-10-28,246.9962
2021-10-27,246.6848
2021-10-26,245.5434
2021-10-25,245.5603
2021-10-22,245.539
2021-10-21,245.3012
2021-10-20,245.6477
2021-10-19,245.6973
2021-10-18,245.7974
2021-10-15,246.0664
2021-10-14,246.4006
2021-10-13,245.712
2021-10-12,244.8459
2021-10-11,244.9561
2021-10-08,245.388
2021-10-07,245.9108
2021-10-06,246.0565
2021-10-05,246.4512
2021-10-04,247.3617
2021-10-01,247.2008
2021-09-30,246.4657
2021-09-29,246.6713
2021-09-28,247.1295
2021-09-27,248.2488
2021-09-24,248.5527
2021-09-23,249.5962
2021-09-22,250.4751
2021-09-21,250.4221
2021-09-20,250.3596
2021-09-17,249.878
2021-09-16,250.5851
2021-09-15,251.4416
2021-09-14,251.6672
2021-09-13,251.1265
2021-09-10,251.1435
2021-09-09,251.3766
2021-09-08,250.5424
2021-09-07,250.6271
2021-09-06,251.4744
2021-09-03,251.6186
2021-09-02,251.7661
2021-09-01,251.3875
2021-08-31,251.1035
2021-08-30,251.5418
2021-08-27,251.0761
2021-08-26,250.5057
2021-08-25,250.4648
2021-08-24,251.3501
2021-08-23,251.3446
2021-08-20,250.8225
2021-08-19,250.9349
2021-08-18,251.0047
2021-08-17,251.0738
2021-08-16,251.8522
2021-08-13,251.4777
2021-08-12,250.4321
2021-08-11,250.5433
2021-08-10,250.4396
2021-08-09,250.8167
2021-08-06,251.097
2021-08-05,252.7181
2021-08-04,252.8515
2021-08-03,253.0756
2021-08-02,253.0686
2021-07-30,252.284
2021-07-29,252.3333
2021-07-28,251.5272
2021-07-27,251.8451
2021-07-26,251.242
2021-07-23,250.7795
2021-07-22,251.1701
2021-07-21,250.563
2021-07-20,250.9872
2021-07-19,251.4859
2021-07-16,250.5625
2021-07-15,250.6489
2021-07-14,250.2625
2021-07-13,249.7636
2021-07-12,250.3557
2021-07-09,250.2246
2021-07-08,250.8879
2021-07-07,250.0654
2021-07-06,249.8035
2021-07-05,249.2896
2021-07-02,249.1117
2021-07-01,248.7649
2021-06-30,248.9602
2021-06-29,249.0461
2021-06-28,249.2083
2021-06-25,248.8027
2021-06-24,249.1314
2021-06-23,249.2102
2021-06-22,248.8277
2021-06-21,249.0408
2021-06-18,248.9486
2021-06-17,249.2288
2021-06-16,250.4832
2021-06-15,250.8034
2021-06-14,251.011
2021-06-11,251.3667
2021-06-10,251.6551
2021-06-09,251.5462
2021-06-08,251.0928
2021-06-07,250.7094
2021-06-04,250.6043
2021-06-03,249.6409
2021-06-02,250.6235
2021-06-01,250.7267
2021-05-31,250.782
2021-05-28,250.2742
2021-05-27,250.3693
2021-05-26,250.9582
2021-05-25,250.9587
2021-05-24,250.2793
2021-05-21,249.7315
2021-05-20,249.7568
2021-05-19,249.4184
2021-05-18,249.6677
2021-05-17,249.0342
2021-05-14,248.955
2021-05-13,248.1435
2021-05-12,248.2749
2021-05-11,249.7848
2021-05-10,250.323
2021-05-07,250.3102
2021-05-06,249.6539
2021-05-05,249.1153
2021-05-04,249.3071
2021-05-03,249.4108
2021-04-30,248.8476
2021-04-29,249.4211
2021-04-28,249.5549
2021-04-27,249.7361
2021-04-26,250.1887
2021-04-23,249.9074
2021-04-22,249.9346
2021-04-21,249.8785
2021-04-20,249.9213
2021-04-19,249.5052
2021-04-16,249.1241
2021-04-15,249.4522
2021-04-14,248.4911
2021-04-13,248.2596
2021-04-12,247.8495
2021-04-09,247.7441
2021-04-08,248.2654
2021-04-07,247.9651
2021-04-06,247.5741
2021-04-05,246.8978
2021-04-02,246.3253
2021-04-01,246.5767
2021-03-31,245.9005
2021-03-30,245.6467
2021-03-29,246.3251
2021-03-26,247.0341
2021-03-25,247.2766
2021-03-24,247.7475
2021-03-23,247.8512
2021-03-22,247.7993
2021-03-19,247.1059
2021-03-18,247.0564
2021-03-17,247.347
2021-03-16,247.8115
2021-03-15,247.9615
2021-03-12,247.8003
2021-03-11,249.1447
2021-03-10,248.3853
2021-03-09,248.0133
2021-03-08,247.3435
2021-03-05,248.2029
2021-03-04,249.6628
2021-03-03,250.3466
2021-03-02,251.0028
2021-03-01,250.5607
2021-02-26,250.6535
2021-02-25,250.7632
2021-02-24,251.3963
2021-02-23,252.334
2021-02-22,252.4657
2021-02-19,252.4502
2021-02-18,252.5
2021-02-17,252.3478
2021-02-16,252.9431
2021-02-15,253.8842
2021-02-12,254.1177
2021-02-11,254.8611
2021-02-10,254.7675
2021-02-09,254.4635
2021-02-08,253.8087
2021-02-05,253.4808
2021-02-04,253.2648
2021-02-03,253.764
2021-02-02,254.0272
2021-02-01,254.8198
2021-01-29,255.4263
2021-01-28,255.688
2021-01-27,255.7408
2021-01-26,256.3443
2021-01-25,256.036
2021-01-22,255.7472
2021-01-21,255.728
2021-01-20,255.7215
2021-01-19,255.8024
2021-01-18,255.2472
2021-01-15,255.4473
2021-01-14,255.8199
2021-01-13,256.021
2021-01-12,255.1318
2021-01-11,255.2653
2021-01-08,256.5389
2021-01-07,256.5621
2021-01-06,257.2064
2021-01-05,258.1157
2021-01-04,258.305
2020-12-31,258.0094
2020-12-30,258.2284
2020-12-29,257.552
2020-12-28,257.0559
2020-12-24,256.8569
2020-12-23,256.661
2020-12-22,256.8973
2020-12-21,257.0399
2020-12-18,257.2851
2020-12-17,257.5889
2020-12-16,256.9157
2020-12-15,256.706
2020-12-14,256.5479
2020-12-11,256.488
2020-12-10,256.2689
2020-12-09,255.6935
2020-12-08,256.101
2020-12-07,255.9323
2020-12-04,255.5174
2020-12-03,256.1682
2020-12-02,254.7673
2020-12-01,254.564
2020-11-30,254.8546
2020-11-27,254.8583
2020-11-26,254.2209
2020-11-25,254.0951
2020-11-24,253.8207
2020-11-23,253.5769
2020-11-20,254.1495
2020-11-19,253.6038
2020-11-18,253.7301
2020-11-17,253.4465
2020-11-16,252.6225
2020-11-13,252.3604
2020-11-12,252.138
2020-11-11,250.9233
2020-11-10,251.4241
2020-11-09,251.6116
2020-11-06,253.4686
2020-11-05,253.4012
2020-11-04,251.9686
2020-11-03,251.1844
2020-11-02,250.4033
2020-10-30,250.4008
2020-10-29,250.703
2020-10-28,251.7661
2020-10-27,252.5464
2020-10-26,251.767
2020-10-23,251.5983
2020-10-22,251.4289
2020-10-21,252.3809
2020-10-20,251.9019
2020-10-19,251.9598
2020-10-16,251.6218
2020-10-15,251.3869
2020-10-14,251.9449
2020-10-13,251.5078
2020-10-12,251.6805
2020-10-09,251.4472
2020-10-08,250.6593
2020-10-07,250.3472
2020-10-06,250.9713
2020-10-05,250.8004
2020-10-02,250.7268
2020-10-01,250.825
2020-09-30,250.7429
2020-09-29,250.9845
2020-09-28,250.0804
2020-09-25,249.8219
2020-09-24,250.011
2020-09-23,250.4324
2020-09-22,250.8924
2020-09-21,251.3943
2020-09-18,252.2213
2020-09-17,251.9189
2020-09-16,251.8593
2020-09-15,251.7275
2020-09-14,251.8756
2020-09-11,251.3165
2020-09-10,251.1961
2020-09-09,250.8837
2020-09-08,251.1237
2020-09-07,251.0948
2020-09-04,250.9839
2020-09-03,252.1445
2020-09-02,251.9305
2020-09-01,252.2136
2020-08-31,251.7535
2020-08-28,251.2154
2020-08-27,249.9646
2020-08-26,250.73
2020-08-25,250.8209
2020-08-24,251.5423
2020-08-21,251.288
2020-08-20,251.7091
2020-08-19,252.0084
2020-08-18,252.2238
2020-08-17,251.4653
2020-08-14,250.7719
2020-08-13,250.8507
2020-08-12,251.11
2020-08-11,251.379
2020-08-10,252.2733
2020-08-07,252.3194
2020-08-06,253.0813
2020-08-05,252.9722
2020-08-04,252.2482
2020-08-03,251.4909
2020-07-31,252.5692
2020-07-30,252.4011
2020-07-29,251.7658
2020-07-28,251.4527
2020-07-27,251.4844
2020-07-24,249.973
2020-07-23,249.7263
2020-07-22,249.4824
2020-07-21,248.4587
2020-07-20,247.6262
2020-07-17,247.085
2020-07-16,247.3329
2020-07-15,246.9499
2020-07-14,246.6507
2020-07-13,246.2024
2020-07-10,246.3124
2020-07-09,246.1124
2020-07-08,245.7974
2020-07-07,245.347
2020-07-06,245.2354
2020-07-03,244.5554
2020-07-02,244.3786
2020-07-01,244.1354
2020-06-30,244.1947
2020-06-29,244.3126
2020-06-26,244.1428
2020-06-25,244.0991
2020-06-24,244.4899
2020-06-23,244.9245
2020-06-22,244.3523
2020-06-19,243.6281
2020-06-18,243.8975
2020-06-17,243.786
2020-06-16,243.6905
2020-06-15,243.874
2020-06-12,243.7008
2020-06-11,245.0902
2020-06-10,244.2518
2020-06-09,243.6915
2020-06-08,242.7836
2020-06-05,242.1264
2020-06-04,242.3538
2020-06-03,241.9717
2020-06-02,242.2848
2020-06-01,242.0106
2020-05-29,241.9961
2020-05-28,241.0973
2020-05-27,240.3616
2020-05-26,240.3256
2020-05-25,239.7845
2020-05-22,239.7922
2020-05-21,239.9805
2020-05-20,240.1291
2020-05-19,239.204
2020-05-18,238.1732
2020-05-15,238.2785
2020-05-14,238.4972
2020-05-13,238.5194
2020-05-12,238.5032
2020-05-11,237.7902
2020-05-08,238.9999
2020-05-07,238.3526
2020-05-06,238.0841
2020-05-05,239.0955
2020-05-04,239.5692
2020-05-01,240.5541
2020-04-30,240.4529
2020-04-29,239.2567
2020-04-28,238.8333
2020-04-27,238.2517
2020-04-24,238.2707
2020-04-23,237.9974
2020-04-22,237.3282
2020-04-21,237.8885
2020-04-20,238.1046
2020-04-17,238.3803
2020-04-16,238.3092
2020-04-15,238.4926
2020-04-14,238.3915
2020-04-13,237.4732
2020-04-10,237.358
2020-04-09,237.3259
2020-04-08,235.4968
2020-04-07,235.3784
2020-04-06,234.9955
2020-04-03,235.4745
2020-04-02,236.0658
2020-04-01,236.6383
2020-03-31,236.4563
2020-03-30,237.2194
2020-03-27,236.7429
2020-03-26,235.0635
2020-03-25,231.3346
2020-03-24,230.8146
2020-03-23,230.4023
2020-03-20,228.884
2020-03-19,226.7503
2020-03-18,228.5033
2020-03-17,233.7035
2020-03-16,237.7138
2020-03-13,237.131
2020-03-12,239.5675
2020-03-11,243.6717
2020-03-10,245.1707
2020-03-09,248.6065
2020-03-06,246.8229
2020-03-05,244.0465
2020-03-04,243.1094
2020-03-03,243.1232
2020-03-02,241.8123
2020-02-28,240.7463
2020-02-27,239.3812
2020-02-26,238.5097
2020-02-25,238.9035
2020-02-24,238.3142
2020-02-21,237.5446
2020-02-20,236.6218
2020-02-19,236.43
2020-02-18,236.9791
2020-02-17,236.719
2020-02-14,236.79
2020-02-13,236.6366
2020-02-12,236.6987
2020-02-11,237.0714
2020-02-10,237.3724
2020-02-07,237.2739
2020-02-06,236.704
2020-02-05,236.8929
2020-02-04,237.7411
2020-02-03,238.5691
2020-01-31,239.0483
2020-01-30,238.1865
2020-01-29,237.5828
2020-01-28,237.1214
2020-01-27,237.6798
2020-01-24,236.7695
2020-01-23,236.5876
2020-01-22,236.1326
2020-01-21,236.0764
2020-01-20,235.2827
2020-01-17,235.3633
2020-01-16,235.7807
2020-01-15,235.9143
2020-01-14,235.3166
2020-01-13,235.204
2020-01-10,235.4508
2020-01-09,234.9805
2020-01-08,235.414
2020-01-07,235.8976
2020-01-06,236.5869
2020-01-03,236.5684
2020-01-02,236.0661
2019-12-31,235.6831
2019-12-30,235.4817
2019-12-27,235.4583
2019-12-26,234.6205
2019-12-24,234.4849
2019-12-23,234.2531
2019-12-20,234.437
2019-12-19,234.672
2019-12-18,234.7258
2019-12-17,235.3518
2019-12-16,235.1977
2019-12-13,235.6414
2019-12-12,234.5827
2019-12-11,235.2827
2019-12-10,234.9147
2019-12-09,234.7689
2019-12-06,234.3547
2019-12-05,234.8903
2019-12-04,235.0879
2019-12-03,235.4521
2019-12-02,234.1621
2019-11-29,234.6593
2019-11-28,234.5143
2019-11-27,234.5671
2019-11-26,234.8406
2019-11-25,234.5105
2019-11-22,234.5604
2019-11-21,234.8361
2019-11-20,235.0135
2019-11-19,234.8154
2019-11-18,234.7046
2019-11-15,234.2284
2019-11-14,233.9484
2019-11-13,233.4634
2019-11-12,232.9416
2019-11-11,233.0486
2019-11-08,233.0005
2019-11-07,233.2783
2019-11-06,234.5529
2019-11-05,234.3059
2019-11-04,235.7083
2019-11-01,236.3519
2019-10-31,236.4949
2019-10-30,235.0707
2019-10-29,234.7063
2019-10-28,234.3973
2019-10-25,234.9809
2019-10-24,235.4566
2019-10-23,235.3963
2019-10-22,235.3474
2019-10-21,235.0793
2019-10-18,235.4962
2019-10-17,235.2858
2019-10-16,234.7855
2019-10-15,234.6018
2019-10-14,234.8137
2019-10-11,234.7003
2019-10-10,235.1353
2019-10-09,235.8263
2019-10-08,236.2156
2019-10-07,236.4402
2019-10-04,236.6388
2019-10-03,236.5223
2019-10-02,235.3353
2019-10-01,234.86
2019-09-30,234.8404
2019-09-27,235.1106
2019-09-26,235.1224
2019-09-25,234.9884
2019-09-24,236.0649
2019-09-23,235.5155
2019-09-20,234.8529
2019-09-19,234.8697
2019-09-18,234.6704
2019-09-17,234.1034
2019-09-16,233.6786
2019-09-13,233.6193
2019-09-12,234.5291
2019-09-11,234.5597
2019-09-10,235.0255
2019-09-09,236.0374
2019-09-06,236.8627
2019-09-05,236.4284
2019-09-04,237.7196
2019-09-03,237.387
2019-09-02,236.8556
2019-08-30,237.2765
2019-08-29,237.5525
2019-08-28,237.9693
2019-08-27,237.7436
2019-08-26,237.0804
2019-08-23,237.0393
2019-08-22,236.1593
2019-08-21,236.6024
2019-08-20,236.7212
2019-08-19,236.1973
2019-08-16,237.0126
2019-08-15,237.3461
2019-08-14,236.6742
2019-08-13,235.9476
2019-08-12,236.4151
2019-08-09,235.5613
2019-08-08,235.6102
2019-08-07,236.2187
2019-08-06,235.2225
2019-08-05,235.1645
2019-08-02,233.6516
2019-08-01,232.6533
2019-07-31,232.3236
2019-07-30,231.8422
2019-07-29,231.8358
2019-07-26,231.7564
2019-07-25,232.0871
2019-07-24,232.324
2019-07-23,231.9454
2019-07-22,232.5706
2019-07-19,232.4224
2019-07-18,232.3843
2019-07-17,232.0404
2019-07-16,231.4118
2019-07-15,231.8795
2019-07-12,231.3964
2019-07-11,231.4426
2019-07-10,231.8534
2019-07-09,231.6806
2019-07-08,232.0583
2019-07-05,232.0728
2019-07-04,233.4961
2019-07-03,233.3852
2019-07-02,232.7427
2019-07-01,232.5075
2019-06-28,232.9495
2019-06-27,232.5654
2019-06-26,232.3704
2019-06-25,233.018
2019-06-24,232.7541
2019-06-21,231.7598
2019-06-20,232.2017
2019-06-19,230.7872
2019-06-18,230.3331
2019-06-17,229.7286
2019-06-14,229.8546
2019-06-13,230.0611
2019-06-12,230.1803
2019-06-11,230.0757
2019-06-10,229.9488
2019-06-07,230.6315
2019-06-06,229.6008
2019-06-05,229.4079
2019-06-04,228.8935
2019-06-03,228.7726
2019-05-31,227.886
2019-05-30,226.8087
2019-05-29,226.9041
2019-05-28,226.8107
2019-05-27,226.5946
2019-05-24,226.6883
2019-05-23,226.2332
2019-05-22,225.4999
2019-05-21,225.3987
2019-05-20,225.5325
2019-05-17,225.7347
2019-05-16,225.8309
2019-05-15,226.2153
2019-05-14,225.907
2019-05-13,226.2638
2019-05-10,225.9049
2019-05-09,225.7979
2019-05-08,225.493
2019-05-07,225.5123
2019-05-06,225.0558
2019-05-03,224.7751
2019-05-02,224.4926
2019-05-01,225.2427
2019-04-30,224.8811
2019-04-29,224.3243
2019-04-26,224.5297
2019-04-25,224.0448
2019-04-24,224.5159
2019-04-23,223.9229
2019-04-22,224.2736
2019-04-19,224.3918
2019-04-18,224.4164
2019-04-17,224.3032
2019-04-16,224.4238
2019-04-15,224.7499
2019-04-12,224.759
2019-04-11,225.1364
2019-04-10,225.2986
2019-04-09,225.029
2019-04-08,224.7291
2019-04-05,224.3737
2019-04-04,224.341
2019-04-03,224.3664
2019-04-02,224.4921
2019-04-01,224.5896
2019-03-29,225.3148
2019-03-28,225.5512
2019-03-27,225.8585
2019-03-26,225.5592
2019-03-25,225.9428
2019-03-22,225.5383
2019-03-21,224.7752
2019-03-20,224.2802
2019-03-19,223.839
2019-03-18,223.7893
2019-03-15,223.541
2019-03-14,223.1297
2019-03-13,223.3584
2019-03-12,223.0551
2019-03-11,222.5013
2019-03-08,222.5722
2019-03-07,222.4238
2019-03-06,222.2712
2019-03-05,221.7466
2019-03-04,221.8106
2019-03-01,221.9804
2019-02-28,222.4335
2019-02-27,222.7039
2019-02-26,223.0352
2019-02-25,222.688
2019-02-22,222.6824
2019-02-21,222.422
2019-02-20,222.7282
2019-02-19,222.6521
2019-02-18,222.225
2019-02-15,221.8311
2019-02-14,221.7897
2019-02-13,221.6044
2019-02-12,221.8626
2019-02-11,221.8967
2019-02-08,222.5865
2019-02-07,222.5512
2019-02-06,222.434
2019-02-05,222.576
2019-02-04,222.4718
2019-02-01,223.0993
2019-01-31,223.6467
2019-01-30,222.4427
2019-01-29,222.2577
2019-01-28,222.1504
2019-01-25,221.7786
2019-01-24,221.5345
2019-01-23,221.1359
2019-01-22,220.9532
2019-01-21,220.5551
2019-01-18,220.5371
2019-01-17,220.8842
2019-01-16,221.0973
2019-01-15,221.3842
2019-01-14,221.6029
2019-01-11,221.501
2019-01-10,221.5542
2019-01-09,221.4507
2019-01-08,220.7902
2019-01-07,221.2585
2019-01-04,221.1291
2019-01-03,221.6079
2019-01-02,220.4594
2018-12-31,220.5175
2018-12-28,220.0674
2018-12-27,219.5722
2018-12-26,219.5133
2018-12-24,219.7794
2018-12-21,219.3363
2018-12-20,219.4532
2018-12-19,219.4188
2018-12-18,218.6278
2018-12-17,218.024
2018-12-14,217.4361
2018-12-13,217.5416
2018-12-12,217.7595
2018-12-11,217.4839
2018-12-10,218.0097
2018-12-07,218.0837
2018-12-06,217.9346
2018-12-05,217.2189
2018-12-04,217.3684
2018-12-03,216.6773
2018-11-30,216.1796
2018-11-29,216.5767
2018-11-28,215.4437
2018-11-27,215.5795
2018-11-26,215.9239
2018-11-23,216.1129
2018-11-22,216.3343
2018-11-21,216.1248
2018-11-20,216.2763
2018-11-19,216.671
2018-11-16,216.2124
2018-11-15,215.4413
2018-11-14,215.2665
2018-11-13,215.0252
2018-11-12,214.8044
2018-11-09,215.4232
2018-11-08,215.6133
2018-11-07,216.1738
2018-11-06,215.7416
2018-11-05,215.7129
2018-11-02,215.4299
2018-11-01,216.0737
2018-10-31,215.4407
2018-10-30,215.9212
2018-10-29,216.4655
2018-10-26,216.634
2018-10-25,215.9993
2018-10-24,216.1193
2018-10-23,216.2926
2018-10-22,215.9971
2018-10-19,216.2054
2018-10-18,216.3306
2018-10-17,216.8173
2018-10-16,217.2061
2018-10-15,217.1
2018-10-12,216.8753
2018-10-11,216.8836
2018-10-10,216.1434
2018-10-09,215.7308
2018-10-08,215.6439
2018-10-05,215.7465
2018-10-04,216.163
2018-10-03,216.8348
2018-10-02,217.6269
2018-10-01,217.6064
2018-09-28,218.1029
2018-09-27,218.6023
2018-09-26,219.0401
2018-09-25,218.8725
2018-09-24,219.2057
2018-09-21,219.2951
2018-09-20,219.1905
2018-09-19,218.5341
2018-09-18,219.0084
2018-09-17,219.3267
2018-09-14,219.0668
2018-09-13,219.4369
2018-09-12,219.1977
2018-09-11,218.6627
2018-09-10,219.2
2018-09-07,218.9377
2018-09-06,219.7194
2018-09-05,219.1897
2018-09-04,218.8266
2018-09-03,219.7096
2018-08-31,219.8566
2018-08-30,219.8279
2018-08-29,219.801
2018-08-28,220.087
2018-08-27,220.263
2018-08-24,219.9687
2018-08-23,219.6568
2018-08-22,220.0518
2018-08-21,219.5316
2018-08-20,219.0376
2018-08-17,218.4658
2018-08-16,218.2466
2018-08-15,217.8362
2018-08-14,217.9653
2018-08-13,218.3406
2018-08-10,218.7196
2018-08-09,219.1086
2018-08-08,219.0985
2018-08-07,219.0342
2018-08-06,219.0129
2018-08-03,219.0693
2018-08-02,218.7412
2018-08-01,219.032
2018-07-31,219.8258
2018-07-30,219.753
2018-07-27,219.7257
2018-07-26,219.7167
2018-07-25,220.1156
2018-07-24,220.0576
2018-07-23,219.7578
2018-07-20,220.3694
2018-07-19,219.917
2018-07-18,219.9618
2018-07-17,220.3514
2018-07-16,220.4965
2018-07-13,220.4475
2018-07-12,220.3048
2018-07-11,220.7228
2018-07-10,220.6177
2018-07-09,221.0562
2018-07-06,221.1611
2018-07-05,220.6238
2018-07-04,220.1849
2018-07-03,220.1762
2018-07-02,219.572
2018-06-29,220.0819
2018-06-28,219.2735
2018-06-27,219.4455
2018-06-26,219.6015
2018-06-25,219.8842
2018-06-22,219.5632
2018-06-21,219.4142
2018-06-20,219.0462
2018-06-19,219.244
2018-06-18,219.1756
2018-06-15,219.2265
2018-06-14,219.2539
2018-06-13,219.4893
2018-06-12,219.5542
2018-06-11,219.7283
2018-06-08,219.6595
2018-06-07,219.9049
2018-06-06,219.587
2018-06-05,219.7759
2018-06-04,219.9432
2018-06-01,219.9002
2018-05-31,220.5983
2018-05-30,219.82
2018-05-29,219.9932
2018-05-28,219.6042
2018-05-25,219.7919
2018-05-24,219.9442
2018-05-23,219.2061
2018-05-22,218.9702
2018-05-21,218.7446
2018-05-18,219.0303
2018-05-17,218.8702
2018-05-16,219.1979
2018-05-15,219.748
2018-05-14,221.3934
2018-05-11,221.5379
2018-05-10,220.9208
2018-05-09,220.5865
2018-05-08,220.7896
2018-05-07,221.5426
2018-05-04,221.6176
2018-05-03,221.8514
2018-05-02,221.4205
2018-05-01,221.7616
2018-04-30,222.7613
2018-04-27,222.8409
2018-04-26,222.5683
2018-04-25,222.543
2018-04-24,223.1437
2018-04-23,223.4194
2018-04-20,224.3083
2018-04-19,225.443
2018-04-18,226.2051
2018-04-17,226.3615
2018-04-16,226.2765
2018-04-13,225.9573
2018-04-12,225.9035
2018-04-11,226.7728
2018-04-10,226.1709
2018-04-09,226.0464
2018-04-06,225.703
2018-04-05,224.9916
2018-04-04,226.0695
2018-04-03,225.8513
2018-04-02,226.3898
2018-03-30,226.2084
2018-03-29,226.1911
2018-03-28,226.3219
2018-03-27,226.6071
2018-03-26,226.6871
2018-03-23,226.2158
2018-03-22,225.7468
2018-03-21,224.4969
2018-03-20,224.6575
2018-03-19,225.3804
2018-03-16,224.8784
2018-03-15,225.2306
2018-03-14,225.4614
2018-03-13,225.2938
2018-03-12,224.6311
2018-03-09,224.2795
2018-03-08,224.7002
2018-03-07,224.9896
2018-03-06,224.8897
2018-03-05,224.5398
2018-03-02,224.5483
2018-03-01,223.6871
2018-02-28,223.5532
2018-02-27,223.3843
2018-02-26,224.2135
2018-02-23,224.2138
2018-02-22,223.8113
2018-02-21,223.5381
2018-02-20,223.9919
2018-02-19,224.5891
2018-02-16,225.1697
2018-02-15,224.9314
2018-02-14,224.1288
2018-02-13,224.0226
2018-02-12,223.2692
2018-02-09,223.2176
2018-02-08,223.1501
2018-02-07,223.6799
2018-02-06,224.4408
2018-02-05,224.5264
2018-02-02,224.3409
2018-02-01,225.537
2018-01-31,225.821
2018-01-30,225.3935
2018-01-29,225.1618
2018-01-26,226.1758
2018-01-25,226.9392
2018-01-24,225.8492
2018-01-23,225.1349
2018-01-22,224.4636
2018-01-19,224.307
2018-01-18,224.4449
2018-01-17,224.7603
2018-01-16,224.8245
2018-01-15,224.9543
2018-01-12,223.8443
2018-01-11,223.0543
2018-01-10,222.7029
2018-01-09,222.2544
2018-01-08,223.0272
2018-01-05,223.2348
2018-01-04,223.6115
2018-01-03,223.3466
2018-01-02,223.2641
2017-12-29,223.4637
2017-12-28,222.8058
2017-12-27,222.675
2017-12-26,222.0017
2017-12-22,221.6136
2017-12-21,221.7247
2017-12-20,221.8174
2017-12-19,221.8723
2017-12-18,222.8178
2017-12-15,222.5054
2017-12-14,222.5686
2017-12-13,222.19
2017-12-12,221.5501
2017-12-11,222.2244
2017-12-08,221.8502
2017-12-07,222.306
2017-12-06,222.6378
2017-12-05,222.5964
2017-12-04,222.5384
2017-12-01,222.871
2017-11-30,222.7575
2017-11-29,222.2879
2017-11-28,222.8009
2017-11-27,223.3
2017-11-24,223.1859
2017-11-23,222.8094
2017-11-22,222.3268
2017-11-21,221.4781
2017-11-20,221.402
2017-11-17,221.5193
2017-11-16,221.2208
2017-11-15,221.4181
2017-11-14,220.7364
2017-11-13,220.0433
2017-11-10,220.2027
2017-11-09,220.3589
2017-11-08,220.5658
2017-11-07,220.5102
2017-11-06,220.3702
2017-11-03,220.1823
2017-11-02,220.6067
2017-11-01,220.0782
2017-10-31,220.375
2017-10-30,220.2264
2017-10-27,219.1927
2017-10-26,219.6028
2017-10-25,220.2827
2017-10-24,220.1333
2017-10-23,220.4807
2017-10-20,220.557
2017-10-19,221.7902
2017-10-18,221.0374
2017-10-17,221.3763
2017-10-16,221.7564
2017-10-13,221.9339
2017-10-12,221.3794
2017-10-11,221.1669
2017-10-10,221.1032
2017-10-09,220.2672
2017-10-06,220.0297
2017-10-05,220.2034
2017-10-04,220.6848
2017-10-03,220.5703
2017-10-02,220.5255
2017-09-29,221.1836
2017-09-28,220.8225
2017-09-27,220.5201
2017-09-26,221.5114
2017-09-25,222.4218
2017-09-22,222.6051
2017-09-21,222.0904
2017-09-20,222.9194
2017-09-19,222.8457
2017-09-18,222.71
2017-09-15,223.0628
2017-09-14,222.5156
2017-09-13,222.8415
2017-09-12,223.4005
2017-09-11,224.3297
2017-09-08,225.2224
2017-09-07,225.0637
2017-09-06,224.052
2017-09-05,224.1353
2017-09-04,223.1782
2017-09-01,222.7382
2017-08-31,223.0131
2017-08-30,222.9663
2017-08-29,224.1814
2017-08-28,223.3231
2017-08-25,222.6958
2017-08-24,222.0511
2017-08-23,222.2903
2017-08-22,221.6277
2017-08-21,222.3812
2017-08-18,221.7721
2017-08-17,221.364
2017-08-16,220.7374
2017-08-15,220.6812
2017-08-14,221.7789
2017-08-11,221.9989
2017-08-10,221.5377
2017-08-09,221.22
2017-08-08,220.5887
2017-08-07,221.1809
2017-08-04,220.7891
2017-08-03,222.1193
2017-08-02,221.6271
2017-08-01,221.453
2017-07-31,220.6979
2017-07-28,220.2818
2017-07-27,219.5542
2017-07-26,219.2292
2017-07-25,219.2441
2017-07-24,219.9101
2017-07-21,220.0004
2017-07-20,219.3592
2017-07-19,218.6579
2017-07-18,218.8502
2017-07-17,217.5668
2017-07-14,217.2188
2017-07-13,216.4909
2017-07-12,216.7432
2017-07-11,215.8249
2017-07-10,215.7843
2017-07-07,215.5432
2017-07-06,215.925
2017-07-05,216.0882
2017-07-04,216.2407
2017-07-03,216.2507
2017-06-30,216.9949
2017-06-29,217.4323
2017-06-28,217.7763
2017-06-27,217.3167
2017-06-26,217.6753
2017-06-23,217.5543
2017-06-22,217.2032
2017-06-21,216.9788
2017-06-20,216.7817
2017-06-19,216.9255
2017-06-16,217.3514
2017-06-15,216.9716
2017-06-14,218.601
2017-06-13,217.1932
2017-06-12,217.1482
2017-06-09,216.7949
2017-06-08,217.2312
2017-06-07,217.799
2017-06-06,217.9036
2017-06-05,217.1984
2017-06-02,217.3834
2017-06-01,216.5342
2017-05-31,217.0398
2017-05-30,216.4193
2017-05-29,216.1423
2017-05-26,216.1459
2017-05-25,216.0778
2017-05-24,215.6415
2017-05-23,216.0597
2017-05-22,216.3131
2017-05-19,215.967
2017-05-18,215.6414
2017-05-17,215.7228
2017-05-16,214.1351
2017-05-15,213.2085
2017-05-12,213.003
2017-05-11,211.9779
2017-05-10,212.052
2017-05-09,212.0167
2017-05-08,212.8402
2017-05-05,213.4007
2017-05-04,213.0912
2017-05-03,213.3443
2017-05-02,213.3599
2017-05-01,213.4372
2017-04-28,213.4984
2017-04-27,213.3197
2017-04-26,212.9976
2017-04-25,213.3871
2017-04-24,213.6789
2017-04-21,212.9924
2017-04-20,213.4923
2017-04-19,213.4636
2017-04-18,213.6133
2017-04-17,212.9904
2017-04-14,212.5274
2017-04-13,212.4733
2017-04-12,211.9156
2017-04-11,211.8197
2017-04-10,210.8193
2017-04-07,210.9722
2017-04-06,211.2647
2017-04-05,211.0894
2017-04-04,211.2777
2017-04-03,211.0442
2017-03-31,210.7904
2017-03-30,211.0705
2017-03-29,211.2446
2017-03-28,211.8876
2017-03-27,212.0781
2017-03-24,211.2099
2017-03-23,210.909
2017-03-22,211.1223
2017-03-21,210.4904
2017-03-20,209.6581
2017-03-17,209.3886
2017-03-16,209.14
2017-03-15,208.1056
2017-03-14,207.3849
2017-03-13,207.4353
2017-03-10,207.2972
2017-03-09,207.0404
2017-03-08,207.443
2017-03-07,208.3294
2017-03-06,208.6455
2017-03-03,208.2542
2017-03-02,208.1142
2017-03-01,208.708
2017-02-28,210.5543
2017-02-27,210.3838
2017-02-24,210.2144
2017-02-23,209.6765
2017-02-22,208.6796
2017-02-21,208.3443
2017-02-20,209.1053
2017-02-17,209.16
2017-02-16,209.1658
2017-02-15,207.7242
2017-02-14,207.9416
2017-02-13,208.6113
2017-02-10,208.8897
2017-02-09,209.5336
2017-02-08,210.1797
2017-02-07,209.334
2017-02-06,209.4453
2017-02-03,209.5074
2017-02-02,209.7079
2017-02-01,208.9434
2017-01-31,209.7567
2017-01-30,208.4704
2017-01-27,208.3187
2017-01-26,207.9502
2017-01-25,208.8458
2017-01-24,209.5344
2017-01-23,209.8613
2017-01-20,208.213
2017-01-19,207.9806
2017-01-18,209.5939
2017-01-17,210.1787
2017-01-16,208.7075
2017-01-13,208.66
2017-01-12,209.3732
2017-01-11,207.3589
2017-01-10,208.3251
2017-01-09,207.8342
2017-01-06,207.842
2017-01-05,208.6524
2017-01-04,206.9102
2017-01-03,206.2416
2016-12-30,208.0084
2016-12-29,207.5215
2016-12-28,206.2632
2016-12-27,206.2839
2016-12-23,206.483
2016-12-22,206.2441
2016-12-21,206.2388
2016-12-20,205.5306
2016-12-19,206.2111
2016-12-16,205.1548
2016-12-15,205.0876
2016-12-14,208.2242
2016-12-13,207.9397
2016-12-12,207.3995
2016-12-09,207.2884
2016-12-08,208.3667
2016-12-07,209.9018
2016-12-06,209.2077
2016-12-05,209.1816
2016-12-02,209.035
2016-12-01,208.0353
2016-11-30,208.7002
2016-11-29,209.4068
2016-11-28,209.1169
2016-11-25,208.4984
2016-11-24,208.2133
2016-11-23,207.9979
2016-11-22,209.2436
2016-11-21,209.3553
2016-11-18,208.9768
2016-11-17,210.5675
2016-11-16,210.7246
2016-11-15,211.2239
2016-11-14,211.1008
2016-11-11,213.409
2016-11-10,213.8643
2016-11-09,215.9144
2016-11-08,217.5352
2016-11-07,217.7469
2016-11-04,218.9923
2016-11-03,218.4699
2016-11-02,218.6668
2016-11-01,217.4176
2016-10-31,216.9237
2016-10-28,216.3829
2016-10-27,216.5424
2016-10-26,217.4954
2016-10-25,217.5018
2016-10-24,217.7573
2016-10-21,217.9489
2016-10-20,218.2909
2016-10-19,218.6569
2016-10-18,218.4188
2016-10-17,218.1427
2016-10-14,218.0253
2016-10-13,218.7977
2016-10-12,218.1393
2016-10-11,218.765
2016-10-10,219.6345
2016-10-07,220.0194
2016-10-06,220.029
2016-10-05,220.628
2016-10-04,221.2114
2016-10-03,222.3691
2016-09-30,222.8057
2016-09-29,222.9727
2016-09-28,223.1055
2016-09-27,223.144
2016-09-26,223.2279
2016-09-23,222.533
2016-09-22,222.6882
2016-09-21,221.18
2016-09-20,221.102
2016-09-19,220.8613
2016-09-16,220.577
2016-09-15,221.0574
2016-09-14,221.1738
2016-09-13,221.0885
2016-09-12,221.4065
2016-09-09,221.2203
2016-09-08,223.1141
2016-09-07,223.6703
2016-09-06,223.2701
2016-09-05,221.6481
2016-09-02,221.3572
2016-09-01,222.1447
2016-08-31,221.796
2016-08-30,222.2483
2016-08-29,222.6443
2016-08-26,223.7015
2016-08-25,223.9102
2016-08-24,223.8352
2016-08-23,224.5042
2016-08-22,224.2908
2016-08-19,223.8964
2016-08-18,224.4241
2016-08-17,223.583
2016-08-16,223.2887
2016-08-15,223.0137
2016-08-12,223.271
2016-08-11,222.8897
2016-08-10,223.1323
2016-08-09,222.0432
2016-08-08,221.2021
2016-08-05,221.3524
2016-08-04,222.3921
2016-08-03,222.0868
2016-08-02,222.5011
2016-07-29,222.8299
2016-07-28,221.0203
2016-07-27,220.1297
2016-07-26,219.8137
2016-07-25,219.3524
2016-07-22,219.2208
2016-07-21,219.384
2016-07-20,219.3776
2016-07-19,219.6226
2016-07-18,220.0688
2016-07-15,219.9528
2016-07-14,221.0255
2016-07-13,221.7114
2016-07-12,220.93
2016-07-11,221.7475
2016-07-08,222.5118
2016-07-07,222.3531
2016-07-06,222.3239
2016-07-05,222.4409
2016-07-04,221.8933
2016-07-01,221.6806
2016-06-30,221.1144
2016-06-29,221.046
2016-06-28,220.3767
2016-06-27,219.7262
2016-06-24,219.9152
2016-06-23,219.9621
2016-06-22,219.9085
2016-06-21,219.8423
2016-06-20,220.4348
2016-06-17,219.8563
2016-06-16,219.6653
2016-06-15,219.558
2016-06-14,219.089
2016-06-13,219.6001
2016-06-10,219.4764
2016-06-09,219.5987
2016-06-08,219.7397
2016-06-07,219.17
2016-06-06,218.8504
2016-06-03,218.8521
2016-06-02,216.4708
2016-06-01,216.0445
2016-05-31,215.5301
2016-05-30,215.4696
2016-05-27,215.766
2016-05-26,216.2181
2016-05-25,215.4372
2016-05-24,215.4126
2016-05-23,215.6439
2016-05-20,215.5064
2016-05-19,215.5913
2016-05-18,216.1012
2016-05-17,217.3302
2016-05-16,217.1955
2016-05-13,217.1734
2016-05-12,217.79
2016-05-11,218.2541
2016-05-10,217.7798
2016-05-09,217.9298
2016-05-06,218.4676
2016-05-05,218.1487
2016-05-04,218.5549
2016-05-03,219.0242
2016-05-02,218.4426
2016-04-29,218.0251
2016-04-28,216.643
2016-04-27,215.4336
2016-04-26,215.2857
2016-04-25,215.1667
2016-04-22,215.1433
2016-04-21,216.0959
2016-04-20,217.0072
2016-04-19,217.1894
2016-04-18,216.9976
2016-04-15,216.8381
2016-04-14,216.1941
2016-04-13,216.4685
2016-04-12,216.9323
2016-04-11,217.9597
2016-04-08,217.4733
2016-04-07,217.4416
2016-04-06,216.4834
2016-04-05,216.613
2016-04-04,216.3347
2016-04-01,215.5506
2016-03-31,215.8286
2016-03-30,215.4093
2016-03-29,214.005
2016-03-28,213.6855
2016-03-25,213.3293
2016-03-24,213.2932
2016-03-23,213.5525
2016-03-22,213.9243
2016-03-21,214.2401
2016-03-18,214.7667
2016-03-17,214.4612
2016-03-16,211.4173
2016-03-15,211.5322
2016-03-14,211.5767
2016-03-11,211.6101
2016-03-10,211.3568
2016-03-09,211.0021
2016-03-08,212.1455
2016-03-07,210.6196
2016-03-04,210.5476
2016-03-03,210.3771
2016-03-02,209.3307
2016-03-01,209.6945
2016-02-29,210.2809
2016-02-26,209.9129
2016-02-25,211.2392
2016-02-24,211.1749
2016-02-23,210.7981
2016-02-22,210.5524
2016-02-19,210.9082
2016-02-18,210.634
2016-02-17,210.0262
2016-02-16,210.2667
2016-02-15,210.2727
2016-02-12,211.1739
2016-02-11,212.8384
2016-02-10,211.0067
2016-02-09,211.5811
2016-02-08,210.3313
2016-02-05,209.5076
2016-02-04,209.7375
2016-02-03,208.835
2016-02-02,207.1065
2016-02-01,206.5053
2016-01-29,206.2301
2016-01-28,206.6788
2016-01-27,205.9918
2016-01-26,205.9237
2016-01-25,205.4395
2016-01-22,205.3098
2016-01-21,205.546
2016-01-20,206.1895
2016-01-19,205.6138
2016-01-18,205.7428
2016-01-15,206.3499
2016-01-14,205.1285
2016-01-13,205.5234
2016-01-12,205.1604
2016-01-11,205.3053
2016-01-08,205.6992
2016-01-07,204.9991
2016-01-06,204.5387
2016-01-05,203.8111
2016-01-04,204.1909
2015-12-31,204.0352
2015-12-30,204.144
2015-12-29,204.0997
2015-12-28,204.9157
2015-12-24,204.7172
2015-12-23,203.9395
2015-12-22,204.712
2015-12-21,204.8516
2015-12-18,204.39
2015-12-17,203.6188
2015-12-16,204.0364
2015-12-15,204.0673
2015-12-14,205.4211
2015-12-11,205.8472
2015-12-10,204.9557
2015-12-09,205.0994
2015-12-08,204.2777
2015-12-07,204.2021
2015-12-04,203.8344
2015-12-03,203.4424
2015-12-02,203.206
2015-12-01,203.6326
2015-11-30,202.847
2015-11-27,203.1679
2015-11-26,203.3154
2015-11-25,203.0393
2015-11-24,203.1768
2015-11-23,202.8482
2015-11-20,203.3483
2015-11-19,203.7712
2015-11-18,202.7218
2015-11-17,202.64
2015-11-16,202.9866
2015-11-13,202.9886
2015-11-12,202.7881
2015-11-11,202.6182
2015-11-10,202.1932
2015-11-09,202.1013
2015-11-06,202.247
2015-11-05,204.1819
2015-11-04,204.3768
2015-11-03,205.1752
2015-11-02,205.9482
2015-10-30,206.3698
2015-10-29,205.498
2015-10-28,207.0813
2015-10-27,207.2763
2015-10-26,206.8166
2015-10-23,206.4547
2015-10-22,207.6271
2015-10-21,208.4153
2015-10-20,207.9976
2015-10-19,208.3108
2015-10-16,208.8474
2015-10-15,209.0079
2015-10-14,209.272
2015-10-13,208.0717
2015-10-12,208.0751
2015-10-09,207.6748
2015-10-08,207.2779
2015-10-07,207.1775
2015-10-06,207.2196
2015-10-05,206.8411
2015-10-02,207.825
2015-10-01,206.796
2015-09-30,206.2145
2015-09-29,206.4916
2015-09-28,206.2957
2015-09-25,205.5687
2015-09-24,207.101
2015-09-23,205.8557
2015-09-22,206.1516
2015-09-21,205.856
2015-09-18,207.6393
2015-09-17,206.0217
2015-09-16,205.5379
2015-09-15,205.5312
2015-09-14,206.4413
2015-09-11,206.3031
2015-09-10,205.6691
2015-09-09,205.4379
2015-09-08,205.744
2015-09-07,205.8105
2015-09-04,205.5974
2015-09-03,204.8185
2015-09-02,205.2337
2015-09-01,205.6104
2015-08-31,205.214
2015-08-28,205.4279
2015-08-27,205.4557
2015-08-26,206.9148
2015-08-25,207.0215
2015-08-24,209.4207
2015-08-21,207.0557
2015-08-20,206.0348
2015-08-19,204.7256
2015-08-18,204.3169
2015-08-17,204.8105
2015-08-14,204.7301
2015-08-13,204.9288
2015-08-12,205.9133
2015-08-11,204.7028
2015-08-10,203.6357
2015-08-07,203.7547
2015-08-06,203.0384
2015-08-05,202.6029
2015-08-04,204.0735
2015-08-03,204.3673
2015-07-31,204.6198
2015-07-30,203.3204
2015-07-29,203.8888
2015-07-28,204.0717
2015-07-27,204.6194
2015-07-24,203.4882
2015-07-23,203.2632
2015-07-22,202.6078
2015-07-21,202.6089
2015-07-20,202.0848
2015-07-17,202.132
2015-07-16,202.1105
2015-07-15,202.3515
2015-07-14,202.244
2015-07-13,202.0483
2015-07-10,203.1169
2015-07-09,203.4745
2015-07-08,204.1901
2015-07-07,203.078
2015-07-06,203.2215
2015-07-03,202.9113
2015-07-02,202.5807
2015-07-01,202.7275
2015-06-30,203.6749
2015-06-29,203.5247
2015-06-26,202.4302
2015-06-25,203.3252
2015-06-24,203.276
2015-06-23,203.2157
2015-06-22,204.8584
2015-06-19,205.1802
2015-06-18,205.0564
2015-06-17,203.6578
2015-06-16,203.7255
2015-06-15,203.5409
2015-06-12,203.8052
2015-06-11,203.3858
2015-06-10,203.2649
2015-06-09,202.8956
2015-06-08,202.8068
2015-06-05,202.1933
2015-06-04,204.1491
2015-06-03,203.8612
2015-06-02,204.1532
2015-06-01,203.5376
2015-05-29,204.6656
2015-05-28,204.012
2015-05-27,203.91
2015-05-26,204.1179
2015-05-25,204.9341
2015-05-22,204.9134
2015-05-21,205.755
2015-05-20,205.3689
2015-05-19,205.6962
2015-05-18,207.4325
2015-05-15,208.5412
2015-05-14,207.2862
2015-05-13,206.9714
2015-05-12,206.2599
2015-05-11,206.1549
2015-05-08,207.167
2015-05-07,206.7414
2015-05-06,207.135
2015-05-05,206.5233
2015-05-04,207.2893
2015-05-01,207.7566
2015-04-30,208.3032
2015-04-29,208.6036
2015-04-28,208.4209
2015-04-27,207.8659
2015-04-24,207.7714
2015-04-23,206.9897
2015-04-22,206.378
2015-04-21,206.8847
2015-04-20,207.1493
2015-04-17,207.5133
2015-04-16,206.9158
2015-04-15,206.2327
2015-04-14,206.6659
2015-04-13,205.2053
